{
  "count": 250000,
  "record_size_bytes": 32,
  "record_format": "x:f32 y:f32 z:f32 bp_rp:f32 g_mag:f32 r:f32 g:f32 b:f32",
  "units": "kpc, galactocentric",
  "source": "Gaia DR3 (gaiadr3.gaia_source), CC-BY-SA / ESA",
  "bounds_kpc": {
    "x": [
      -43.83050526333945,
      23.458952211678103
    ],
    "y": [
      -49.956034274594614,
      34.931931521122976
    ],
    "z": [
      -57.62373555793473,
      5.088450041212801
    ]
  },
  "g_mag": {
    "min": 1.9425238,
    "max": 9.349573
  }
}