{
  "count": 611057,
  "record_size_bytes": 32,
  "record_format": "x:f32 y:f32 z:f32 bp_rp:f32 g_mag:f32 r:f32 g:f32 b:f32",
  "units": "kpc, galactocentric",
  "source": "Gaia DR3 (gaiadr3.gaia_source), CC-BY-SA / ESA",
  "bounds_kpc": {
    "x": [
      -18.41790746965803,
      4.698833675642689
    ],
    "y": [
      -15.211042103977256,
      11.863754305732208
    ],
    "z": [
      -6.547981690983684,
      7.184360491151528
    ]
  },
  "g_mag": {
    "min": 1.9425238,
    "max": 10.256694
  }
}